id;type;gender;birth_date;phone;subscribe_to_offer;password_changed_on;preferred_language;preferred_currency
1;productivity;Florida solution-oriented;2020-08-09;131.700.3757;false;2020-08-09;Producer;Legacy Gloves Small Concrete Soap
2;Vista Maryland;local area network;2020-08-08;(777) 826-7147 x6502;false;2020-08-08;Harbor Identity;circuit
3;Tasty gold;Cross-group Soap;2020-08-08;1-522-837-4503 x1318;false;2020-08-08;Jamaican Dollar;withdrawal
4;calculate pink;Fantastic Rubber Soap Table;2020-08-09;1-315-529-8647;true;2020-08-09;overriding Licensed Frozen Sausages;Maryland Profit-focused AI
5;Customer;multi-byte Avon mobile;2020-08-08;469-739-5968 x778;true;2020-08-09;withdrawal invoice;Tasty
6;connecting Frozen;Money Market Account;2020-08-08;1-154-154-2034 x661;false;2020-08-09;holistic;payment Generic program
7;generating systemic;parsing XML;2020-08-08;(172) 971-5543;true;2020-08-08;haptic revolutionize Steel;Connecticut parsing Technician
8;Cedi Colorado;primary;2020-08-08;447.806.6721 x448;true;2020-08-09;invoice parse;Investor
9;Licensed Practical Steel Keyboard;Unbranded Steel Shirt North Dakota Handcrafted Soft Shirt;2020-08-08;630-570-4106;true;2020-08-09;knowledge base Creative;Computers
10;Tunisia;JBOD Internal;2020-08-08;1-092-083-0776;true;2020-08-09;Steel Licensed syndicate;Ridges utilize Wooden
